Sample,Environment,Background,Run #,# Lanes,CoreID,Barcode,SubID,Status,Number of Reads,Sequencer,Theoretical coverage,,,,,,,,,
CB-100-1,Beer,SSD719,"1647, 1828",1,69506+80535,ACTCGCTA-CTAGTCGA,11561 and 22439,Done,"20,471,970","HS 2500 v4 Paired-end, 125",215.49,,,,,,,,,
CB-100-2,Beer,SSD719,1647,1,69507,ACTCGCTA-AGCTAGAA,11561,Done,"7,005,880","HS 2500 v4 Paired-end, 126",73.75,,,,,,,,,
CB-100-3,Beer,SSD719,1647,1,69508,TGCAGCTA-ACTCTAGG,11561,Done,"6,949,886","HS 2500 v4 Paired-end, 127",73.16,,,,,,,,,
CB-100-4,Beer,SSD719,,1,66928,CCTAAGAC-TCTTACGC,10076,Abandoned,,,,,,,,,,,,
CB-100-5,Beer,SSD719,1828,1,80303,ACTCGCTA-CTTAATAG,22087,Done,"11,297,327","HS 2500 v4 Paired-end, 127",118.92,,,,,,,,,
CB-100-6,Beer,SSD719,1647,1,69510,TGCAGCTA-ATAGCCTT,11561,Done,"9,068,765","HS 2500 v4 Paired-end, 127",95.46,,,,,,,,,
CC-100-1,Canavanine,SSD719,1647,1,66931+69511,TGCAGCTA-TAAGGCTC,10076 and 11561,Done,"18,675,811","HS 2500 v4 Paired-end, 127",196.59,,,,,,,,,
CC-100-2,Canavanine,SSD719,"1647, 1828",2,66932,ACTCGCTA-TCGCATAA,10076,Done,"10,091,019","HS 2500 v4 Paired-end, 127",106.22,,,,,,,,,
CC-100-3,Canavanine,SSD719,"1647, 1828",2,66933,GGAGCTAC-CTAGTCGA,10076,Done,"11,725,349","HS 2500 v4 Paired-end, 127",123.42,,,,,,,,,
CC-100-4,Canavanine,SSD719,"1647, 1828",2,66934,GGAGCTAC-AGCTAGAA,10076,Done,"9,525,150","HS 2500 v4 Paired-end, 127",100.26,,,,,,,,,
CC-100-5,Canavanine,SSD719,"1647, 1828",2,66935,GGAGCTAC-ACTCTAGG,10076,Done,"14,638,947","HS 2500 v4 Paired-end, 127",154.09,,,,,,,,,
CC-100-6,Canavanine,SSD719,"1647, 1828",2,66936,GGAGCTAC-TCTTACGC,10076,Done,"4,840,971","HS 2500 v4 Paired-end, 127",50.96,,,,,,,,,
CN-100-1,NaCl,SSD719,1647,1,66937,GGAGCTAC-CTTAATAG,10076,Done,"9,446,268","HS 2500 v4 Paired-end, 127",99.43,,,,,,,,,
CN-100-2,NaCl,SSD719,1647,1,67944,GGAGCTAC-ATAGCCTT,10076,Done,"8,743,963","HS 2500 v4 Paired-end, 127",92.04,,,,,,,,,
CN-100-3,NaCl,SSD719,1828,1,80302,GGAGCTAC-TAAGGCTC,22087,Done,"10,640,968","HS 2500 v4 Paired-end, 127",112.01,,,,,,,,,
CN-100-4,NaCl,SSD719,"1647, 1828",2,66940,GGAGCTAC-TCGCATAA,10076,Done,"11,237,033","HS 2500 v4 Paired-end, 127",118.28,,,,,,,,,
CN-100-5,NaCl,SSD719,1647,1,66941,GCGTAGTA-CTAGTCGA,10076,Done,"9,694,617","HS 2500 v4 Paired-end, 127",102.05,,,,,,,,,
CN-100-6,NaCl,SSD719,"1647, 1828",1,66942+69513,GCGTAGTA-AGCTAGAA,10076 and 11561,Done,"11,250,444","HS 2500 v4 Paired-end, 127",118.43,,,,,,,,,
CW-100-1,Wine,SSD719,"1647, 1828",2,66943,GCGTAGTA-ACTCTAGG,10076,Done,"12,591,784","HS 2500 v4 Paired-end, 127",132.55,,,,,,,,,
CW-100-2,Wine,SSD719,1647,1,67945,GCGTAGTA-TCTTACGC,11192,Done,"6,603,031","HS 2500 v4 Paired-end, 127",69.51,,,,,,,,,
CW-100-3,Wine,SSD719,1647,1,69514,GCGTAGTA-CTTAATAG,11561,Done,"7,337,398","HS 2500 v4 Paired-end, 127",77.24,,,,,,,,,
CW-100-4,Wine,SSD719,1647,1,66946,GCGTAGTA-ATAGCCTT,10076,Done,"10,610,867","HS 2500 v4 Paired-end, 127",111.69,,,,,,,,,
CW-100-5,Wine,SSD719,1647,1,69515,GCGTAGTA-TAAGGCTC,11561,Done,"6,313,859","HS 2500 v4 Paired-end, 127",66.46,,,,,,,,,
CW-100-6,Wine,SSD719,1647,1,66948,GCGTAGTA-TCGCATAA,10076,Done,"9,291,123","HS 2500 v4 Paired-end, 127",97.80,,,,,,,,,
CY-100-1,YPD,SSD719,1828,1,80538,CGGAGCCT-CTAGTCGA,22439,Done,"9,625,740","HS 2500 v4 Paired-end, 127",101.32,,,,,,,,,
CY-100-2,YPD,SSD719,1828,1,77947,CGGAGCCT-AGCTAGAA,19204,Done,"10,727,465","HS 2500 v4 Paired-end, 127",112.92,,,,,,,,,
CY-100-3,YPD,SSD719,1828,1,80539,CGGAGCCT-ACTCTAGG,22439,Done,"14,350,181","HS 2500 v4 Paired-end, 127",151.05,,,,,,,,,
CY-100-4,YPD,SSD719,1647,1,66952,CGGAGCCT-TCTTACGC,10076,Done,"9,645,732","HS 2500 v4 Paired-end, 127",101.53,,,,,,,,,
CY-100-5,YPD,SSD719,1828,1,80540,CGGAGCCT-CTTAATAG,22439,Done,"12,955,653","HS 2500 v4 Paired-end, 127",136.38,,,,,,,,,
CY-100-6,YPD,SSD719,1828,1,80541,CGGAGCCT-ATAGCCTT,22439,Done,"13,666,620","HS 2500 v4 Paired-end, 125",143.86,,,,,,,,,
P1W10,Larvae,SSD719,2099,1,92908,GGAGCTAC+CTAGTCGA,32692,Done,"20,427,414",NextSeq High-Output 300 cycle,215.03,,,,,,,,,
P2W10,Larvae,SSD719,2099,1,92909,GCGTAGTA+CTAGTCGA,32692,Done,"10,665,514",NextSeq High-Output 300 cycle,112.27,,,,,,,,,
P3W10,Larvae,SSD719,2193,1,99109,CCTAAGAC+TCTTACGC,35974,Done,"18,161,808",NextSeq High-Output 300 cycle,191.18,,,,,,,,,
P4W10,Larvae,SSD719,2193,1,99110,CCTAAGAC+CTTAATAG,35974,Done,"19,554,829",NextSeq High-Output 300 cycle,205.84,,,,,,,,,
P5W10,Larvae,SSD719,2576,1,95609,ATGCGCAG-CTTAATAG,34598,Done,"14,076,079",NextSeq Mid-Output 300 cycle,148.17,,,,,,,,,
P6W10,Larvae,SSD719,2176,1,99111,CCTAAGAC+ATAGCCTT,35974,Done,"7,428,322",NextSeq High-Output 300 cycle,78.19,,,,,,,,,
SSD719-vitro,Parent,Ancestor for in vitro evol.,1647,1,66961,TACGCTGC+CTATTAAG,10076,Done,"6,413,222","HS 2500 v4 Paired-end, 127",67.51,,,,,,,,,
SSD719-vivo,Parent,Ancestor for in vivo evol.,2099,1,94302,ACTCGCTA+CTAGTCGA,33540,Done,"19,052,677",NextSeq High-Output 300 cycle,200.55,,,,,,,,,
YSB121,Parent,Ser A (grubii) mat-a,1647,1,66962,TACGCTGC+AAGGCTAT,10076,Done,"9,439,338","HS 2500 v4 Paired-end, 127",99.36,,,,,,,,,
EM3,Parent,Ser D (neoformans) mat-alpha,1647,1,66963,TACGCTGC+GAGCCTTA,10076,Done,"8,501,673","HS 2500 v4 Paired-end, 127",89.49,,,,,,,,,
,,,,,,,,,,,,,,,,,,,,
,,,,,,,,sum,"387,950,869",,119.50,,,,,,,,,
,,,,,,,,total bases,96987717250,,,,,,,,,,,
